date,Open,High,Low,Close,Value,Volume
2025-08-18,16.4,16.94,16.36,16.4,1521478.0,91839.71830985916
2025-08-19,16.5,16.54,16.4,16.46,3329860.0,202218.2186234818
2025-08-20,16.46,16.5,16.44,16.44,2198186.0,133547.14459295262
2025-08-22,16.44,16.86,16.44,16.76,546742.0,32765.20175789053
2025-08-26,16.5,16.5,16.34,16.38,5379206.0,327867.08655018284
2025-08-27,16.38,16.5,16.38,16.5,2534518.0,153980.43742405836
2025-08-28,16.5,16.52,16.34,16.4,1335038.0,81305.60292326432
2025-08-29,16.42,16.5,16.4,16.4,981040.0,59698.17444219067
2025-09-01,16.4,16.6,16.4,16.44,548554.0,33286.04368932039
2025-09-02,16.6,16.6,16.44,16.58,4349130.0,262946.19105199515
2025-09-03,16.58,16.58,16.42,16.44,1148174.0,69670.75242718446
2025-09-04,16.44,16.56,16.4,16.5,3302934.0,200339.70885564096
2025-09-05,16.5,16.54,16.24,16.5,2737596.0,166655.60064935067
2025-09-08,16.5,16.52,16.36,16.4,1675760.0,102014.61038961039
2025-09-09,16.5,16.5,16.2,16.26,3855666.0,236254.044117647
2025-09-10,16.28,16.3,16.14,16.18,6191192.0,382015.1378033731
2025-09-11,16.18,16.4,16.18,16.4,1089436.0,66727.39893834219
2025-09-12,16.22,16.56,16.22,16.5,939078.0,57167.89772727273
2025-09-15,16.6,16.6,16.26,16.3,1081798.0,66016.96501220505
2025-09-16,16.5,16.5,16.24,16.46,540272.0,32943.41463414634
2025-09-17,16.5,16.6,16.3,16.42,3021156.0,183768.6131386861
2025-09-18,16.42,16.5,16.4,16.48,5083642.0,308848.23815309844
2025-09-19,16.5,16.5,15.3,15.3,324460542.0,20666276.56050955
2025-09-22,15.6,15.8,15.02,15.4,38908498.0,2525432.583297274
2025-09-23,15.68,15.68,15.4,15.42,11324764.0,730629.9354838709
2025-09-24,15.48,15.58,15.36,15.42,12841010.0,830954.0552200172
2025-09-25,15.42,15.58,15.28,15.34,16371280.0,1063070.1298701297
2025-09-26,15.34,15.34,15.2,15.28,3858870.0,252654.08118725446
2025-09-29,15.28,15.34,15.04,15.28,5438664.0,357336.66228646523
2025-09-30,15.26,15.82,15.24,15.78,59807364.0,3830531.426131511
2025-10-01,15.62,15.84,15.6,15.84,5364562.0,340390.98984771577
2025-10-02,15.84,15.84,15.78,15.8,5701232.0,360685.2804723745
2025-10-03,15.84,15.84,15.74,15.82,1313954.0,83161.64556962026
2025-10-06,15.82,15.82,15.48,15.48,2194678.0,140744.63445917057
2025-10-07,15.8,15.8,15.48,15.5,2623254.0,168229.20051303974
2025-10-08,15.5,15.58,15.36,15.5,2764012.0,178553.74677002584
2025-10-09,15.5,15.5,15.28,15.3,3312010.0,215625.6510416667
2025-10-10,15.32,15.52,15.32,15.44,11751938.0,761793.7337942956
2025-10-13,15.44,15.52,15.36,15.42,1835790.0,118949.67602591794
2025-10-14,15.44,15.58,15.4,15.42,5541954.0,358315.9913793103
2025-10-15,15.42,15.44,15.14,15.14,2289640.0,150238.84514435695
2025-10-16,15.12,15.38,15.12,15.38,1163814.0,76099.43330427201
2025-10-17,15.38,15.4,15.2,15.26,1263988.0,82685.65198430004
2025-10-20,15.34,15.48,15.26,15.44,4561990.0,296361.41186660895
2025-10-21,15.4,15.44,15.16,15.4,1926158.0,125619.0
2025-10-22,15.4,15.5,15.16,15.22,1731304.0,113206.45161290321
2025-10-23,15.46,15.46,15.14,15.22,1503422.0,98434.43910955914
2025-10-24,15.22,15.46,15.2,15.24,3543942.0,231630.19607843139
2025-10-27,15.48,15.52,15.1,15.1,3622276.0,237682.1522309711
2025-10-28,15.2,15.46,15.12,15.24,1043038.0,68291.44478393714
2025-10-29,15.46,15.46,15.3,15.44,473178.0,30725.844155844155
2025-10-30,15.36,15.5,15.26,15.4,1127610.0,73284.87868284229
2025-11-03,15.4,15.4,15.2,15.2,740154.0,48481.703056768565
2025-11-04,15.3,15.36,15.1,15.12,2375816.0,156372.2685388328
2025-11-05,15.12,15.2,15.12,15.12,5661060.0,373749.5598591549
2025-11-06,15.12,15.18,15.08,15.18,2346312.0,154906.161971831
2025-11-07,15.18,15.2,15.08,15.2,3379424.0,222917.15039577833
2025-11-10,15.14,15.44,15.1,15.44,4134834.0,269780.3827751196
2025-11-11,15.4,15.4,15.14,15.18,1237520.0,81202.0997375328
2025-11-12,15.18,15.38,15.1,15.18,4030758.0,264832.9829172142
2025-11-13,15.18,15.38,15.14,15.38,2403308.0,157078.95424836598
2025-11-14,15.38,15.38,15.1,15.12,2614004.0,171973.94736842104
2025-11-17,15.1,15.2,15.06,15.16,1217144.0,80392.60237780712
2025-11-18,15.2,15.44,15.2,15.3,3806962.0,248604.39703961692
2025-11-19,15.38,15.38,15.2,15.22,1499088.0,98193.53711790394
2025-11-20,15.28,15.5,15.24,15.4,3207422.0,208544.9934980494
2025-11-21,15.4,15.9,15.4,15.72,8746858.0,558072.6074011059
2025-11-24,15.76,15.98,15.76,15.9,3121762.0,196584.50881612088
2025-11-25,15.78,16.44,15.78,16.36,7023936.0,433754.79621243314
2025-11-26,16.3,16.44,16.3,16.4,1511778.0,92294.1391941392
2025-11-27,16.4,16.5,16.16,16.5,6639812.0,405196.0130187144
2025-11-28,17.02,17.8,16.64,16.78,33908802.0,1986068.0593518156
2025-12-01,16.9,17.14,16.56,17.02,24325928.0,1438836.4353312303
2025-12-02,17.1,18.2,17.08,18.06,40826976.0,2296230.3712035995
2025-12-03,18.08,18.6,18.02,18.6,38975072.0,2117443.245201014
2025-12-04,18.64,19.22,18.24,18.24,36801724.0,1982139.533213645
2025-12-05,18.24,18.5,18.04,18.5,19898454.0,1084581.4316860465
2025-12-09,18.5,18.78,18.18,18.4,19021742.0,1030802.4927745665
2025-12-10,18.5,18.5,18.06,18.1,8684954.0,476671.4599341382
2025-12-11,18.0,18.1,17.5,17.8,8224038.0,462024.606741573
2025-12-12,17.32,17.74,17.02,17.5,14259552.0,818573.5935706085
2025-12-15,17.5,18.28,17.3,17.98,37475796.0,2099092.3823749064
2025-12-16,17.9,18.0,17.62,17.72,6539192.0,367783.5770528684
2025-12-17,17.7,18.18,17.7,18.0,9650868.0,537353.452115813
2025-12-18,17.8,18.18,17.72,18.08,2397918.0,133267.0248240089
2025-12-19,18.0,18.0,16.8,17.0,57754636.0,3344863.0888030888
2025-12-22,17.02,17.4,17.02,17.38,2176640.0,126060.23166023167
2025-12-23,17.4,17.4,17.26,17.34,2051304.0,118344.46153846155
2025-12-26,17.34,17.5,17.22,17.26,1823130.0,105221.04655636783
2025-12-29,17.3,17.86,17.24,17.74,1637862.0,92989.89401968208
2026-01-02,17.74,18.5,17.6,17.84,19369690.0,1077290.8787541713
2026-01-05,18.18,18.2,17.84,18.0,13190038.0,732237.4907475944
2026-01-06,18.12,18.62,17.94,18.6,43143960.0,2346480.7831762144
2026-01-07,18.62,19.12,18.6,19.04,42984522.0,2271909.1966173365
2026-01-08,19.04,19.04,18.88,18.96,16926102.0,892726.8987341772
2026-01-09,18.8,19.3,18.78,19.04,13702296.0,719658.4033613446
2026-01-12,19.08,19.08,18.82,19.0,9411140.0,496193.6731107206
2026-01-13,19.0,19.1,19.0,19.0,6398358.0,336165.91943957965
2026-01-14,19.0,19.1,18.98,19.0,9923904.0,521578.6965662228
2026-01-15,19.0,19.04,18.8,18.8,9927882.0,525841.2076271187
2026-01-16,18.9,19.6,18.88,19.02,9608334.0,501304.3826086956
2026-01-19,19.52,20.95,19.52,20.8,75123894.0,3678336.57581198
2026-01-20,20.85,21.25,19.72,19.84,76045286.0,3751617.4642328564
2026-01-21,20.45,20.6,19.9,20.05,24807077.0,1229087.2171758877
2026-01-22,20.15,20.15,19.68,19.98,14297743.0,717158.1508109012
2026-01-23,19.96,20.6,19.84,20.5,34755491.0,1710969.363308172
2026-01-26,20.45,20.8,19.9,19.9,60512223.0,2995654.6039603963
2026-01-27,19.9,20.25,19.6,19.6,17828603.0,899677.1909167367
2026-01-28,19.52,19.82,19.2,19.5,12398926.0,635625.051264525
2026-01-29,19.5,20.2,18.84,19.18,14512464.0,747808.1758845758
2026-01-30,19.18,19.2,18.78,18.8,15162998.0,801144.6636139486
2026-02-02,18.9,18.9,18.22,18.3,13278090.0,718770.6604114039
2026-02-03,18.3,18.5,18.24,18.24,5884458.0,321087.1953437614
2026-02-04,18.3,19.2,18.3,18.9,3782394.0,201191.17021276595
2026-02-05,19.0,19.2,18.94,19.1,4385796.0,229863.52201257859
2026-02-06,19.08,19.2,18.82,18.86,9955770.0,525093.3544303798
2026-02-09,18.82,18.88,18.7,18.7,5866828.0,312730.70362473343
2026-02-10,18.52,18.98,18.52,18.9,8503688.0,452323.829787234
2026-02-11,18.96,19.5,18.66,19.5,12135730.0,631411.5504682623
2026-02-12,19.5,19.62,19.2,19.24,3392748.0,175305.6148811574
2026-02-13,19.24,19.38,19.1,19.1,7807434.0,406778.43001042027
2026-02-19,19.62,20.6,18.3,18.3,36847505.0,1932561.4510489511
2026-02-20,18.34,18.5,17.6,17.96,23134974.0,1283849.833518313
2026-02-23,17.96,17.96,17.6,17.72,22038294.0,1240894.9324324324
2026-02-24,17.88,18.4,17.74,18.4,12743800.0,700979.097909791
2026-02-25,18.4,18.64,18.3,18.52,11300534.0,611280.2380093762
2026-02-26,18.5,18.54,18.2,18.3,12740980.0,694457.4854651163
2026-02-27,18.3,18.4,18.16,18.34,3752532.0,205056.39344262294
2026-03-02,18.24,18.26,17.84,18.0,10289104.0,570560.2957486137
2026-03-03,17.94,18.2,17.82,17.92,12124086.0,674309.5661846496
2026-03-04,17.92,17.92,17.22,17.22,20290478.0,1162556.0351413293
2026-03-05,17.22,17.86,17.22,17.74,11447076.0,650155.7743279061
2026-03-06,17.74,17.9,17.52,17.68,5881968.0,332314.57627118647
2026-03-09,17.68,17.68,16.9,17.14,20376332.0,1181921.8097447797
2026-03-10,17.2,17.8,17.2,17.62,2479462.0,141360.43329532494
2026-03-11,17.98,18.44,17.62,18.2,6103516.0,337459.417618872
2026-03-12,18.2,18.5,17.6,17.62,17290438.0,965586.6344005957
2026-03-13,17.88,18.1,17.68,18.02,3170298.0,176782.4163568773
2026-03-16,18.02,18.3,17.64,17.64,9986772.0,559169.764837626
2026-03-17,17.64,17.66,17.08,17.16,7340616.0,424313.0635838151
2026-03-18,17.26,17.72,17.26,17.48,3286916.0,187966.98436904306
2026-03-19,17.3,17.3,17.06,17.2,4107066.0,238968.15360744763
2026-03-23,17.22,17.22,16.92,16.98,4573476.0,268396.4788732394
2026-03-24,16.92,17.1,16.92,17.0,9423238.0,554090.827126617
2026-03-25,17.0,17.0,16.94,16.96,7596664.0,447740.510805501
2026-03-26,17.0,17.7,16.88,17.3,12891630.0,745468.1958365459
2026-03-27,17.76,18.02,17.5,17.92,6100652.0,342476.7215568862
2026-03-30,17.9,17.9,17.4,17.58,2960226.0,167940.20423600607
2026-03-31,17.58,17.9,17.5,17.88,3327796.0,187375.9009009009
2026-04-01,18.0,18.38,17.58,18.38,14839542.0,819260.6919396395
2026-04-06,18.22,18.28,17.72,17.9,3597530.0,200233.58070500928
2026-04-07,18.44,18.44,17.96,18.24,10759990.0,590775.4392386529
2026-04-08,18.36,18.52,18.22,18.46,8783114.0,477343.1521739131
2026-04-10,18.5,18.68,18.4,18.42,11938556.0,645327.3513513514
2026-04-13,18.5,18.5,17.8,17.86,9464144.0,524232.4963072379
2026-04-14,17.86,17.96,17.0,17.4,14237706.0,815758.5561497327
2026-04-15,17.24,17.68,17.2,17.5,6512626.0,373002.6345933563
2026-04-16,17.5,18.0,17.46,17.68,2429548.0,137159.27738050433
2026-04-17,17.7,17.98,17.7,17.78,2497546.0,140154.09652076318
2026-04-20,17.86,18.0,17.74,17.86,2431708.0,136103.05970149257
2026-04-21,17.86,17.98,17.72,17.8,1109190.0,62197.57009345795
2026-04-22,17.8,17.8,17.6,17.72,2276590.0,128572.47740963855
2026-04-23,17.7,17.7,17.34,17.34,5046034.0,289005.38373424974
2026-04-24,17.34,17.7,17.18,17.18,3078232.0,177385.6319631195
2026-04-27,17.36,17.36,16.8,16.84,5706192.0,335658.35294117645
2026-04-28,16.84,16.9,16.74,16.86,2296984.0,136454.49504950497
2026-04-29,16.86,16.98,16.48,16.56,8297590.0,497656.337465014
2026-04-30,16.56,16.6,16.54,16.56,2421646.0,146175.814889336
2026-05-04,16.54,16.6,16.32,16.42,6507408.0,395667.28820429667
2026-05-05,16.42,16.42,15.9,16.18,11060254.0,684139.4226804123
2026-05-06,16.28,16.28,16.0,16.16,11077396.0,686048.4723369117
2026-05-07,16.16,16.36,16.0,16.1,5554792.0,343878.99298390426
2026-05-08,16.12,16.2,16.0,16.02,2353846.0,146444.17254251346
2026-05-11,16.2,16.5,16.02,16.34,2028570.0,124554.03192795745
2026-05-12,16.46,16.46,15.92,16.1,3936224.0,243578.21782178216
2026-05-13,16.1,16.1,15.62,15.8,6414312.0,404943.93939393945
2026-05-14,15.68,16.24,15.54,16.0,13803194.0,866671.8710757638
2026-05-15,16.24,16.84,16.24,16.42,2193338.0,132929.57575757575
2026-05-18,16.66,16.66,16.0,16.16,2503880.0,153863.990167964
2026-05-19,16.16,16.38,15.96,16.0,3473094.0,215541.62184526274
2026-05-20,16.0,16.12,15.94,16.0,2569280.0,160379.52559300873
2026-05-21,16.12,16.58,16.08,16.54,5684684.0,346627.0731707317
2026-05-22,16.54,16.54,15.96,15.96,6545546.0,405213.33058192325
2026-05-25,16.0,16.36,16.0,16.0,2748724.0,170516.37717121586
2026-05-26,16.0,16.18,15.9,15.98,3830130.0,239084.26966292135
2026-05-28,15.98,16.14,15.5,15.6,12337824.0,783519.7290431837
2026-05-29,15.58,15.98,15.36,15.6,14637380.0,935495.1001278227
2026-06-01,15.62,16.12,15.62,16.1,5599152.0,351117.39130434784
2026-06-02,16.1,16.14,15.88,16.12,4033718.0,251374.20024927295
2026-06-03,16.12,16.26,15.9,16.02,3624590.0,225690.53549190532
2026-06-04,16.0,16.2,15.96,16.06,2623214.0,163202.86188303606
2026-06-05,16.2,16.3,16.08,16.08,5698672.0,352786.1328931077
2026-06-08,16.26,16.26,15.9,15.92,4226154.0,263695.13311148086
2026-06-09,15.92,16.18,15.92,16.08,4246284.0,264401.24533001246
2026-06-10,16.08,16.08,15.42,15.52,2924522.0,186592.21607826458
2026-06-11,15.54,15.58,15.3,15.4,2477318.0,160586.73292999135
2026-06-15,15.3,16.3,15.3,15.92,1795912.0,113378.28282828281
2026-06-16,15.9,16.16,15.5,15.96,4145172.0,261140.61318773622
2026-06-17,16.18,16.18,15.88,15.94,2688756.0,168047.25
2026-06-18,15.94,16.02,15.84,15.9,2144426.0,134700.1256281407
2026-06-19,15.98,16.08,15.84,16.0,2384076.0,149253.50584307176
2026-06-22,16.1,16.12,15.8,16.0,1704080.0,106682.80467445742
2026-06-23,16.1,16.1,15.66,15.7,2993196.0,189203.2869785082
2026-06-24,15.7,15.7,15.52,15.54,5804778.0,372419.4610778443
2026-06-25,15.52,16.06,15.5,15.8,1327538.0,84092.35641891892
2026-06-26,15.8,16.0,15.52,16.0,1378344.0,87016.66666666667
2026-06-29,16.0,16.08,15.54,15.6,2656800.0,168792.8843710292
2026-06-30,15.86,16.0,15.6,15.9,1813214.0,114518.77894736841
2026-07-01,16.0,16.3,15.8,15.8,7938452.0,497189.06054279744
2026-07-02,15.8,16.3,15.8,16.08,3922676.0,244251.3075965131
2026-07-03,16.0,16.1,15.82,15.84,2320222.0,145742.58793969848
2026-07-06,15.9,16.46,15.9,16.38,6322714.0,389169.9220352893
2026-07-07,16.38,16.9,16.34,16.7,5112520.0,307119.74369243096
2026-07-08,16.7,16.8,16.5,16.7,2234188.0,134051.28
2026-07-09,16.4,16.8,16.04,16.12,3431000.0,210232.84313725485
2026-07-10,16.2,16.8,16.2,16.5,1307992.0,79272.24242424243
2026-07-13,16.36,16.64,16.26,16.32,12775380.0,778670.0528240551
2026-07-14,16.32,16.72,16.32,16.72,4778452.0,288089.95176848874
2026-07-15,19.34,22.3,18.3,19.8,449380147.0,22320205.976821188
2026-07-16,20.0,20.75,19.4,19.72,84547975.0,4236578.0023384
2026-07-17,19.54,19.68,19.14,19.2,45019348.0,2327784.2812823164
2026-07-20,19.4,20.0,18.14,18.34,65956732.0,3503367.492917847
2026-07-21,18.62,19.0,18.5,18.8,15294434.0,814978.7211367674
2026-07-22,18.8,19.62,18.72,19.4,33759320.0,1754034.6380325598
2026-07-23,19.4,19.8,19.02,19.48,12477082.0,642045.3859348199
2026-07-24,19.48,19.48,18.84,19.2,14986672.0,781641.4464534075
2026-07-27,19.14,20.5,19.14,20.5,38732827.0,1932133.0395743265
2026-07-28,20.5,20.7,19.8,20.5,17855364.0,878132.655737705
2026-07-29,20.0,20.45,19.9,20.25,16946840.0,838952.4752475248
2026-07-30,20.25,20.25,19.6,19.74,18123296.0,912399.5301225038
2026-07-31,19.7,19.72,19.5,19.5,13163844.0,672539.7138964577
2026-08-03,19.52,19.76,19.2,19.2,17844400.0,920447.0426409903
2026-08-04,19.18,19.18,18.72,18.78,17704320.0,937067.0430486944
2026-08-05,18.78,18.94,18.08,18.22,29114634.0,1581171.288921072
2026-08-06,18.34,19.0,18.2,18.7,28463652.0,1527566.296958855
2026-08-07,18.72,19.3,18.54,19.3,26231644.0,1377230.1715085753
2026-08-10,19.62,20.05,19.3,19.6,31401125.0,1598021.6284987275
2026-08-11,19.72,21.6,19.7,21.3,115977777.0,5558040.431309905
2026-08-12,21.5,31.0,21.5,27.35,543025245.0,20401699.874765188
2026-08-13,28.1,29.95,28.0,28.0,275373145.0,9611628.097731238
2026-08-14,28.25,31.85,28.2,30.7,511959445.0,16924279.17355372
